Member ID,Name,Email,Token,QR Link,Email Sent
WS-001,Aarav Sharma,aarav.sharma@example.com,,,No
WS-002,Priya Patel,priya.patel@example.com,,,No
WS-003,Rahul Verma,rahul.verma@example.com,,,No
WS-004,Ananya Iyer,ananya.iyer@example.com,,,No
WS-005,Vikram Singh,vikram.singh@example.com,,,No
WS-006,Sneha Kulkarni,sneha.kulkarni@example.com,,,No
WS-007,Rohan Mehta,rohan.mehta@example.com,,,No
WS-008,Neha Gupta,neha.gupta@example.com,,,No
WS-009,Karthik Raja,karthik.raja@example.com,,,No
WS-010,Pooja Deshmukh,pooja.deshmukh@example.com,,,No
